1,Irfan,Nizam,Irfan Nizam,ORD123,100.55,DISC123,TICKET123,12345,VIP,Irfan,Nizam,irfanizam@example.com,1234567890,Example Inc.
62d26820-6aa6-4958-bda1-cca9b097afdb,Abul,Wasik,Zawad Wasik,ORD137,103.55,DISC127,TICKET127,13248,VIP,Zawad,Ahmed,irfanizam@example.com,1234567893,Zawad Inc.
10a19874-8c52-4998-9db5-a3ba1d542ac2,Zulu,Wasik,Zawad Wasik,ORD140,106.55,DISC130,TICKET130,13251,VIP,Zawad,Ahmed,irfanizam@example.com,1234567896,Zawad Inc.
01208d7a-9048-43e8-a42b-e806a0d12b95,Za,Wasik,Zawad Wasik,ORD133,101.55,DISC125,TICKET125,13246,VIP,Zawad,Ahmed,irfanizam@example.com,1234567891,Zawad Inc.
e70f14bd-60ba-45b1-91be-0f21c251fe6a,Zawad,Wasik,Zawad Wasik,ORD134,100.55,DISC124,TICKET124,13245,VIP,Zawad,Ahmed,irfanizam@example.com,1234567890,Zawad Inc.
053d5b12-cf6b-45fc-b2b6-62dd339c086f,Afiq,Wasik,Zawad Wasik,ORD139,105.55,DISC129,TICKET129,13250,VIP,Zawad,Ahmed,irfanizam@example.com,1234567895,Zawad Inc.
e57844d6-4142-4b22-892d-a491fff56ff3,Labiba,Wasik,Zawad Wasik,ORD142,108.55,DISC132,TICKET132,13253,VIP,Zawad,Ahmed,irfanizam@example.com,1234567898,Zawad Inc.
6daad3dd-424e-42a1-b7ba-11a9928073d8,Zulu,Wak,Zawad Wasik,ORD136,102.55,DISC126,TICKET126,13247,VIP,Zawad,Ahmed,irfanizam@example.com,1234567892,Zawad Inc.
e1518cb7-fdf6-4de2-94e9-9c5f37787805,Irfan,Nizam,Irfan Nizam,ORD123,100.55,DISC123,TICKET123,12345,VIP,Irfan,Nizam,irfanizam@example.com,1234567890,Example Inc.
275214b2-8fe4-4924-8932-939f58c1d0ff,Afsans,Wasik,Zawad Wasik,ORD141,107.55,DISC131,TICKET131,13252,VIP,Zawad,Ahmed,irfanizam@example.com,1234567897,Zawad Inc.
976176ec-6e0f-4866-bb4c-f3eeb301f974,Tazik,Wasik,Zawad Wasik,ORD138,104.55,DISC128,TICKET128,13249,VIP,Zawad,Ahmed,irfanizam@example.com,1234567894,Zawad Inc.
3901648d-e70a-42a2-9c17-1ef07c0f868f,Za,Wasik,Zawad Wasik,ORD133,101.55,DISC125,TICKET125,13246,VIP,Zawad,Ahmed,irfanizam@example.com,1234567891,Zawad Inc.
7ec2e7cb-c440-42c5-ac5c-b6a83ab166ee,Irfan,Nizam,Irfan Nizam,ORD123,100.55,DISC123,TICKET123,12345,VIP,Irfan,Nizam,irfanizam@example.com,1234567890,Example Inc.
d5f71f1b-05f5-42f2-af68-be2e03466656,Zulu,Wak,Zawad Wasik,ORD136,102.55,DISC126,TICKET126,13247,VIP,Zawad,Ahmed,irfanizam@example.com,1234567892,Zawad Inc.
0d1096e6-77de-4a7a-986f-c5f82f11c655,Afsans,Wasik,Zawad Wasik,ORD141,107.55,DISC131,TICKET131,13252,VIP,Zawad,Ahmed,irfanizam@example.com,1234567897,Zawad Inc.
f060db2a-b439-41b3-a75f-f6005a33dac5,Abul,Wasik,Zawad Wasik,ORD137,103.55,DISC127,TICKET127,13248,VIP,Zawad,Ahmed,irfanizam@example.com,1234567893,Zawad Inc.
68a6a44d-98a0-4770-97e6-c44446b6af05,Zawad,Wasik,Zawad Wasik,ORD134,100.55,DISC124,TICKET124,13245,VIP,Zawad,Ahmed,irfanizam@example.com,1234567890,Zawad Inc.
8f3302be-21b9-4987-9f29-7bbe02a882d5,Labiba,Wasik,Zawad Wasik,ORD142,108.55,DISC132,TICKET132,13253,VIP,Zawad,Ahmed,irfanizam@example.com,1234567898,Zawad Inc.
d7014db5-a778-4c80-a8b9-271e13907bb8,Afiq,Wasik,Zawad Wasik,ORD139,105.55,DISC129,TICKET129,13250,VIP,Zawad,Ahmed,irfanizam@example.com,1234567895,Zawad Inc.
c7740762-410d-4905-99d0-c5f72fbebdf1,Zulu,Wasik,Zawad Wasik,ORD140,106.55,DISC130,TICKET130,13251,VIP,Zawad,Ahmed,irfanizam@example.com,1234567896,Zawad Inc.
f788a8a8-ccdf-4b68-bf98-3a342005e8d4,Tazik,Wasik,Zawad Wasik,ORD138,104.55,DISC128,TICKET128,13249,VIP,Zawad,Ahmed,irfanizam@example.com,1234567894,Zawad Inc.
8e90dc00-56c6-4018-838d-2d7f69a0d3fe,Irfan,Nizam,Irfan Nizam,ORD123,100.55,DISC123,TICKET123,12345,VIP,Irfan,Nizam,irfanizam@example.com,1234567890,Example Inc.
da3f1bf5-c1f0-4b8e-b8f3-d205718c8197,Zawad,Wasik,Zawad Wasik,ORD134,100.55,DISC124,TICKET124,13245,VIP,Zawad,Ahmed,irfanizam@example.com,1234567890,Zawad Inc.
7e32ea69-6f01-43c0-b100-13374d8e3f68,Zulu,Wak,Zawad Wasik,ORD136,102.55,DISC126,TICKET126,13247,VIP,Zawad,Ahmed,irfanizam@example.com,1234567892,Zawad Inc.
8070775a-0f4b-4324-8fa5-2cec92a64217,Tazik,Wasik,Zawad Wasik,ORD138,104.55,DISC128,TICKET128,13249,VIP,Zawad,Ahmed,irfanizam@example.com,1234567894,Zawad Inc.
383180cb-ed2c-4668-9ca1-cf203901aa50,Abul,Wasik,Zawad Wasik,ORD137,103.55,DISC127,TICKET127,13248,VIP,Zawad,Ahmed,irfanizam@example.com,1234567893,Zawad Inc.
08016cd9-8f09-4661-b3a2-1151f2dc9931,Za,Wasik,Zawad Wasik,ORD133,101.55,DISC125,TICKET125,13246,VIP,Zawad,Ahmed,irfanizam@example.com,1234567891,Zawad Inc.
71f51501-ec3e-438d-9f12-6402925c3a8a,Afsans,Wasik,Zawad Wasik,ORD141,107.55,DISC131,TICKET131,13252,VIP,Zawad,Ahmed,irfanizam@example.com,1234567897,Zawad Inc.
15b915a0-7bd0-4cab-aa92-605dc1c432d7,Labiba,Wasik,Zawad Wasik,ORD142,108.55,DISC132,TICKET132,13253,VIP,Zawad,Ahmed,irfanizam@example.com,1234567898,Zawad Inc.
6b8174a0-3ac0-4ce7-83fe-be8d56f68c01,Afiq,Wasik,Zawad Wasik,ORD139,105.55,DISC129,TICKET129,13250,VIP,Zawad,Ahmed,irfanizam@example.com,1234567895,Zawad Inc.
f909a65c-3402-44d0-a66c-c15f509a37a7,Zulu,Wasik,Zawad Wasik,ORD140,106.55,DISC130,TICKET130,13251,VIP,Zawad,Ahmed,irfanizam@example.com,1234567896,Zawad Inc.
f9f1cdd6-18c9-4dba-80b7-6611ca72f4aa,Zawad,Wasik,Zawad Wasik,ORD134,100.55,DISC124,TICKET124,13245,VIP,Zawad,Ahmed,irfanizam@example.com,1234567890,Zawad Inc.
3c9d52ac-8732-4cf6-8e1e-2d73e740f5f9,Labiba,Wasik,Zawad Wasik,ORD142,108.55,DISC132,TICKET132,13253,VIP,Zawad,Ahmed,irfanizam@example.com,1234567898,Zawad Inc.
c7b6317e-8a9f-4e53-ac96-b640b84456ef,Zulu,Wak,Zawad Wasik,ORD136,102.55,DISC126,TICKET126,13247,VIP,Zawad,Ahmed,irfanizam@example.com,1234567892,Zawad Inc.
509ca57d-d072-46f7-9e49-a6ad3be6e811,Abul,Wasik,Zawad Wasik,ORD137,103.55,DISC127,TICKET127,13248,VIP,Zawad,Ahmed,irfanizam@example.com,1234567893,Zawad Inc.
45022a18-9e86-4092-b6fa-6d6d08c573d0,Afsans,Wasik,Zawad Wasik,ORD141,107.55,DISC131,TICKET131,13252,VIP,Zawad,Ahmed,irfanizam@example.com,1234567897,Zawad Inc.
8211ca1a-be0d-4832-9f4f-5506aa9c83e3,Afiq,Wasik,Zawad Wasik,ORD139,105.55,DISC129,TICKET129,13250,VIP,Zawad,Ahmed,irfanizam@example.com,1234567895,Zawad Inc.
1eff6f67-1ca5-4f3d-b688-68b43bb8fc67,Tazik,Wasik,Zawad Wasik,ORD138,104.55,DISC128,TICKET128,13249,VIP,Zawad,Ahmed,irfanizam@example.com,1234567894,Zawad Inc.
068c4308-99d6-42ce-b529-8720dd2e243c,Zulu,Wasik,Zawad Wasik,ORD140,106.55,DISC130,TICKET130,13251,VIP,Zawad,Ahmed,irfanizam@example.com,1234567896,Zawad Inc.
4cf25e69-1518-4547-8fb1-3c25f23e9db5,Za,Wasik,Zawad Wasik,ORD133,101.55,DISC125,TICKET125,13246,VIP,Zawad,Ahmed,irfanizam@example.com,1234567891,Zawad Inc.
442bfd12-69d8-42cb-9944-22662736a9c4,Afiq,Wasik,Zawad Wasik,ORD139,105.55,DISC129,TICKET129,13250,VIP,Zawad,Ahmed,irfanizam@example.com,1234567895,Zawad Inc.
1f5ca15a-b91b-47ae-a503-17b827b241b6,Labiba,Wasik,Zawad Wasik,ORD142,108.55,DISC132,TICKET132,13253,VIP,Zawad,Ahmed,irfanizam@example.com,1234567898,Zawad Inc.
ab706843-00ed-4d21-a15f-6400d91877af,Zawad,Wasik,Zawad Wasik,ORD134,100.55,DISC124,TICKET124,13245,VIP,Zawad,Ahmed,irfanizam@example.com,1234567890,Zawad Inc.
be9a5b11-38ac-4e76-9fd0-7dc9c2acf77f,Afsans,Wasik,Zawad Wasik,ORD141,107.55,DISC131,TICKET131,13252,VIP,Zawad,Ahmed,irfanizam@example.com,1234567897,Zawad Inc.
74f25941-f9ad-4838-8d70-12e83649ea6d,Afiq,Wasik,Zawad Wasik,ORD139,105.55,DISC129,TICKET129,13250,VIP,Zawad,Ahmed,irfanizam@example.com,1234567895,Zawad Inc.
c74884ff-08bd-4b79-afbf-b378ae97b795,Zawad,Ali,Javed Ali,sdsjdk,sdsd,sdsd,sds,sds,sds,sd,sd,zawadwasik@gmail.com,2343954,Zawii Corp
3a0cd8db-a95f-49df-9493-dd5f00c744b5,Rafaat,Ahmed,Rafaat Ahmed,dfdfd,dfdffd,dfdfd,dfdfd,dfdfd,dfdf,sdhjissa,ssjjfjd,zawadwasik@gmail.com,45899193,Zawad Corp
ebe85a96-1ba9-4a97-91a3-1a0efc4da2f2,test,test,test,141VA123,2,AF23AD,ADDADN4123,AAFF123,Test,ADWAD,ADWAD,null,12312423,ADWAD
4199e9e6-4265-4a7c-a23f-d0e4fc06b577,Tazik,Wasik,Zawad Wasik,ORD138,104.55,DISC128,TICKET128,13249,VIP,Zawad,Ahmed,irfanizam@example.com,1234567894,Zawad Inc.
7e5d8317-1944-413a-bec3-9698dd51f361,Irfan,Nizam,Irfan Nizam,ORD123,100.55,DISC123,TICKET123,12345,VIP,Irfan,Nizam,irfanizam@example.com,1234567890,Example Inc.
0174f082-3651-45d7-a6ba-34adb3015f72,Afsans,Wasik,Zawad Wasik,ORD141,107.55,DISC131,TICKET131,13252,VIP,Zawad,Ahmed,irfanizam@example.com,1234567897,Zawad Inc.
e6754ba1-4566-4f0c-953b-45f1e2ac88af,Tazik,Wasik,Zawad Wasik,ORD138,104.55,DISC128,TICKET128,13249,VIP,Zawad,Ahmed,irfanizam@example.com,1234567894,Zawad Inc.
051fab9a-1e1e-48ea-931a-9c84854a8e56,Abul,Wasik,Zawad Wasik,ORD137,103.55,DISC127,TICKET127,13248,VIP,Zawad,Ahmed,irfanizam@example.com,1234567893,Zawad Inc.
079e41bf-d2a0-444c-9c1f-355694253315,Zulu,Wak,Zawad Wasik,ORD136,102.55,DISC126,TICKET126,13247,VIP,Zawad,Ahmed,irfanizam@example.com,1234567892,Zawad Inc.
594cb3b8-b0b1-4a72-8680-f0d499fbb42a,Irfan,Nizam,Irfan Nizam,ORD123,100.55,DISC123,TICKET123,12345,VIP,Irfan,Nizam,irfanizam@example.com,1234567890,Example Inc.
d6a02c5e-753d-46fb-97b2-bb4905a2becd,Zulu,Wasik,Zawad Wasik,ORD140,106.55,DISC130,TICKET130,13251,VIP,Zawad,Ahmed,irfanizam@example.com,1234567896,Zawad Inc.
38a46c4a-4c6b-44e8-97e6-aea933fb954b,Zulu,Wak,Zawad Wasik,ORD136,102.55,DISC126,TICKET126,13247,VIP,Zawad,Ahmed,irfanizam@example.com,1234567892,Zawad Inc.
9def6de5-ad4a-4dc0-b966-9943314bbe54,Abul,Wasik,Zawad Wasik,ORD137,103.55,DISC127,TICKET127,13248,VIP,Zawad,Ahmed,irfanizam@example.com,1234567893,Zawad Inc.
337da059-c39b-454b-bbcd-3fd802a13f82,Irfan,Nizam,Irfan Nizam,ORD123,100.55,DISC123,TICKET123,12345,VIP,Irfan,Nizam,irfanizam@example.com,1234567890,Example Inc.
33db2671-1cab-4fa5-8d7a-7e6383dd9efe,Afsans,Wasik,Zawad Wasik,ORD141,107.55,DISC131,TICKET131,13252,VIP,Zawad,Ahmed,irfanizam@example.com,1234567897,Zawad Inc.
1591108d-6d23-4139-8df6-cbb5645892a3,Irfan,Nizam,Irfan Nizam,ORD123,100.55,DISC123,TICKET123,12345,VIP,Irfan,Nizam,irfanizam@example.com,1234567890,Example Inc.
1fae20e5-6371-47b0-9ea7-b3ed83dfd5ad,Tazik,Wasik,Zawad Wasik,ORD138,104.55,DISC128,TICKET128,13249,VIP,Zawad,Ahmed,irfanizam@example.com,1234567894,Zawad Inc.
9d62b8d9-fbcd-4f9d-8bd3-f2fc20357a19,Zulu,Wasik,Zawad Wasik,ORD140,106.55,DISC130,TICKET130,13251,VIP,Zawad,Ahmed,irfanizam@example.com,1234567896,Zawad Inc.
188027bc-05a8-4138-998e-5fec57cf11bb,Abul,Wasik,Zawad Wasik,ORD137,103.55,DISC127,TICKET127,13248,VIP,Zawad,Ahmed,irfanizam@example.com,1234567893,Zawad Inc.
cc2629ff-93f1-4c75-8fda-e9b0a2143cb8,Tanzim,Khondoker,Tazik,sdkssd,sdsds,sdsds,DKAKS,T024,Vip,Z,W,zawadtest@gmail.com,2349293293,Zawad Corp
d07087a5-84c4-4b7e-a2c9-f8fd75c50352,Zawad,Ahmed,Zawad Does something Cool,sdkksd,sdsd,sjdkwe,sds,sdsd,,sdhjissa,sdsd,zawadwasik@gmail.com,23212121,Zawad Corp
613dc63b-4c01-4d40-9774-1dfb673ffe11,test,test,test,141VA123,2,AF23AD,ADDADN4123,AAFF123,Test,ADWAD,ADWAD,null,12312423,ADWAD
ea812202-5f99-4a5c-9e29-e9a9802aee5a,test,test,test,141VA123,2,AF23AD,ADDADN4123,AAFF123,Test,ADWAD,ADWAD,null,12312423,ADWAD
5a3428e9-03b9-41a8-8ace-bf75d13da459,Afiq,Wasik,Zawad Wasik,ORD139,105.55,DISC129,TICKET129,13250,VIP,Zawad,Ahmed,irfanizam@example.com,1234567895,Zawad Inc.
5899711f-18d0-484f-a87f-5e4940238d95,Labiba,Wasik,Zawad Wasik,ORD142,108.55,DISC132,TICKET132,13253,VIP,Zawad,Ahmed,irfanizam@example.com,1234567898,Zawad Inc.
567ab021-3ee1-43a9-822d-647fde05d2c9,Abul,Wasik,Zawad Wasik,ORD137,103.55,DISC127,TICKET127,13248,VIP,Zawad,Ahmed,irfanizam@example.com,1234567893,Zawad Inc.
0bd16ada-f851-4d38-8025-1e260a84abcd,Za,Wasik,Zawad Wasik,ORD133,101.55,DISC125,TICKET125,13246,VIP,Zawad,Ahmed,irfanizam@example.com,1234567891,Zawad Inc.
a0f83a09-31ab-43c5-91a7-57b26ade9940,Irfan,Nizam,Irfan Nizam,ORD123,100.55,DISC123,TICKET123,12345,VIP,Irfan,Nizam,irfanizam@example.com,1234567890,Example Inc.
6db6c4ca-b804-4077-966b-ed4a7987c329,Afsans,Wasik,Zawad Wasik,ORD141,107.55,DISC131,TICKET131,13252,VIP,Zawad,Ahmed,irfanizam@example.com,1234567897,Zawad Inc.
168c7e7d-cbca-4e0e-9d00-ccae8f2edcea,Labiba,Wasik,Zawad Wasik,ORD142,108.55,DISC132,TICKET132,13253,VIP,Zawad,Ahmed,irfanizam@example.com,1234567898,Zawad Inc.
36e41e89-5b97-4a3c-835c-fa10bdb2a6d1,Za,Wasik,Zawad Wasik,ORD133,101.55,DISC125,TICKET125,13246,VIP,Zawad,Ahmed,irfanizam@example.com,1234567891,Zawad Inc.
2f01976a-85ad-4e2c-8bb5-88fa1317a9e6,Zawad,Wasik,Zawad Wasik,ORD134,100.55,DISC124,TICKET124,13245,VIP,Zawad,Ahmed,irfanizam@example.com,1234567890,Zawad Inc.
82d0d6e9-0dfc-438e-a542-6c65a04e285b,Tazik,Wasik,Zawad Wasik,ORD138,104.55,DISC128,TICKET128,13249,VIP,Zawad,Ahmed,irfanizam@example.com,1234567894,Zawad Inc.
d0b08e05-0c7e-4952-867a-ac3302e093ca,Za,Wasik,Zawad Wasik,ORD133,101.55,DISC125,TICKET125,13246,VIP,Zawad,Ahmed,irfanizam@example.com,1234567891,Zawad Inc.
ce0a03b2-ba3f-4749-b662-50e3c3b529b3,Zulu,Wak,Zawad Wasik,ORD136,102.55,DISC126,TICKET126,13247,VIP,Zawad,Ahmed,irfanizam@example.com,1234567892,Zawad Inc.
f2788f24-8ecc-42d0-9a55-c1735662054e,Labiba,Wasik,Zawad Wasik,ORD142,108.55,DISC132,TICKET132,13253,VIP,Zawad,Ahmed,irfanizam@example.com,1234567898,Zawad Inc.
a69d5818-5800-4f49-9a36-3f1f718a3cd6,Test,Test,Zawad Ahmed,ASSDNRI,2,ASHB2323,SDKD,SDSDS,VIP,Zawad,Ahmed,zawadwasik@gmail.com,4349952,Zawad Corp
3c3597d3-c04b-4f2b-a1cb-c57100370d75,Zaw,Final,,sdsd,sds,sdsd,sdd,sds,sdsd,,,zawadtest@gmail.com,2332323,Zawii Corp
f9dd4790-e38b-4934-89dc-cde52a0675dd,test,test,test,141VA123,2,AF23AD,ADDADN4123,AAFF123,Test,ADWAD,ADWAD,null,12312423,ADWAD
ea7920fc-1d2e-4180-8945-944aa4b63036,Za,Wasik,Zawad Wasik,ORD133,101.55,DISC125,TICKET125,13246,VIP,Zawad,Ahmed,irfanizam@example.com,1234567891,Zawad Inc.
f5b1ced0-9af0-4743-9a8f-3007af4574fb,Zulu,Wak,Zawad Wasik,ORD136,102.55,DISC126,TICKET126,13247,VIP,Zawad,Ahmed,irfanizam@example.com,1234567892,Zawad Inc.
cfc284a4-8747-4622-b8d3-973f5a51a62f,Zulu,Wasik,Zawad Wasik,ORD140,106.55,DISC130,TICKET130,13251,VIP,Zawad,Ahmed,irfanizam@example.com,1234567896,Zawad Inc.
a626a2ae-2934-4de9-b1c2-671692eddcf5,Zawad,Wasik,Zawad Wasik,ORD134,100.55,DISC124,TICKET124,13245,VIP,Zawad,Ahmed,irfanizam@example.com,1234567890,Zawad Inc.
f9f8199d-dd87-4544-a30e-a8ede30de697,Zawad,Wasik,Zawad Wasik,ORD134,100.55,DISC124,TICKET124,13245,VIP,Zawad,Ahmed,irfanizam@example.com,1234567890,Zawad Inc.
6d1a5029-8d1a-4893-afcd-f1414a920814,Zulu,Wasik,Zawad Wasik,ORD140,106.55,DISC130,TICKET130,13251,VIP,Zawad,Ahmed,irfanizam@example.com,1234567896,Zawad Inc.
765d97e4-bede-4036-951b-18c6cb3591e7,Afiq,Wasik,Zawad Wasik,ORD139,105.55,DISC129,TICKET129,13250,VIP,Zawad,Ahmed,irfanizam@example.com,1234567895,Zawad Inc.
